title,authors,year,citations,abstract,result_id,publication_info,pdf_links,url,total_results,search_time
基于电磁效应的轮式智能车导航控制,张云洲， 杨兵， 李龙， 蒋建军,2013,3,"… 电磁导航控制系统能够稳定运行,可引导小车在复杂的道路网络上准确行驶. 关键词:轮式智能车;路径识别;电磁… 电感线圈的内部感应电动势E与磁场强度 B(t),电感线圈的圈数N,截面积A的关系为 …",rdjYILDUNYEJ,"张云洲， 杨兵， 李龙， 蒋建军 - 东北大学学报(自然科学版), 2013 - xuebao.neu.edu.cn",[],https://xuebao.neu.edu.cn/natural/CN/abstract/abstract4727.shtml,unknown,unknown
一种基于磁导航结合惯性导航的移动机器人路径优化方法.,吴思宇， 杨显洁， 高崇金,2025,0,"… 设计 磁导航智能机器人通过感应外界磁场环境的变化来 获取路径… 磁导航智能车系统的设计与实现[J].自动化 仪表,2011(11):5-8. … 基于动态识别区和B样条曲线的 智能叉车避障路径规划[J].农业…",9uAGP9O5AfIJ,"吴思宇， 杨显洁， 高崇金 - Mechanical & Electrical Engineering …, 2025 - openurl.ebsco.com",[],https://openurl.ebsco.com/contentitem/gcd:187630255?sid=ebsco:plink:crawler-gcd&id=ebsco:gcd:187630255&crl=c&jrnl=10099492,unknown,unknown
基于电磁寻迹的智能车仿真,蔡春山， 邢广伟， 王佐勋， 黄丽丽,2017,0,"… 本文研究的智能车是通过电磁传感进行路径识别,通过霍尔传感测速,通过姿态检测系统实时采集车… 加速度计构成,实时检测车身姿态信息;电磁传感是通过前瞻电感检测铺设的导线实现寻迹功能.…",LJtciD58g4sJ,蔡春山， 邢广伟， 王佐勋， 黄丽丽 - 2017 - html.rhhz.net,[],https://html.rhhz.net/QLGYDXXB/html/b332a914-0335-437f-bcce-0e9d2ee905af.htm,unknown,unknown
智能车辆导航技术,付梦印， 邓志红， 刘彤,2009,12,"… 等处理方法,以 及这些方法在目标识别中的应用;智能车辆路径… 的侦察和作战平台,从而拉开了智能车 辆研究的序幕.此后的20年里,… 目前常用的定位方法有惯性导航定位,卫星定位,磁航向仪,航位…",TEt2hjWNVX0J,付梦印， 邓志红， 刘彤 - 2009 - ecsponline.com,[],http://www.ecsponline.com/yz/BC25A59E96BC94E41A99416AF5B637974000.pdf,unknown,unknown
智能电动汽车信息感知技术研究进展,张艳辉， 徐坤， 郑春花， 冯伟， 徐国卿,2017,12,"… ,车路环境信息交互,具备精确的导航 系统,环境识别等功能. … 此外,电动车辆采用电驱动系统,电机激励的电磁转矩输 出具有响应… 瑞士学者 Schmidhuber等人为实现智能车行驶路径的优化和道路 …",6sG9YRMrFWsJ,"张艳辉， 徐坤， 郑春花， 冯伟， 徐国卿 - 仪器仪表学报, 2017 - femt.cnjournals.com",[],http://femt.cnjournals.com/yqyb/article/pdf/J1600360,unknown,unknown
Navigation and Control for Wheeled Intelligent Car Based on Electromagnetic Effect,Y ZHANG,2013,3,"… 电磁导航控制系统能够稳定运行,可引导小车在复杂的道路网络上准确行驶. 关 键 词:轮式智能车;路径识别;电磁… 电感线圈的内部感应电动势 E与磁场强度 B(t),电感线圈的圈数 N,截面积 A的关系…",b94y14qEjNUJ,"Y ZHANG - Journal of Northeastern University (Natural …, 2013 - xuebao.neu.edu.cn",[],https://xuebao.neu.edu.cn/natural/EN/abstract/abstract4727.shtml,unknown,unknown
基于电磁学的智能车路径识别与跟踪算法研究,朱阳， 王伟成， 王民慧,2014,3,,N_d7NZeYB2wJ,"朱阳， 王伟成， 王民慧 - 传感器世界, 2014",[],,unknown,unknown
基于电磁寻迹的智能车,龚亮涛， 汤毅超， 刘光亮,2015,0,,l7t_gIwo_vwJ,"龚亮涛， 汤毅超， 刘光亮 - 移动信息, 2015",[],,unknown,unknown
智能小车路径跟踪技术的研究,周淑娟,2013,0,,-0eXIRFdBPYJ,"周淑娟 - 中国科技投资, 2013",[],,unknown,unknown
电磁感应信号导航的智能车设计与实现,余世干， 刘勇， 杨齐成， 贾克， 冯拓， 张廉洁,2016,0,,8xIbzJ4f2CoJ,"余世干， 刘勇， 杨齐成， 贾克， 冯拓， 张廉洁 - 西安文理学院学报: 自然科学版, 2016",[],,unknown,unknown
基于电磁场检测的寻迹智能车系统设计,杨雪， 高成恩， 高攀， 尤一鸣， 熊慧,2011,3,,5YhZrJCJn7AJ,"杨雪， 高成恩， 高攀， 尤一鸣， 熊慧 - 单片机与嵌入式系统应用, 2011",[],,unknown,unknown
基于电磁传感器的智能车自主寻迹系统设计,师克， 王洪军， 李永科,2012,4,,8SJR4OZWX9kJ,"师克， 王洪军， 李永科 - 信息技术, 2012",[],,unknown,unknown
基于ARM7+ μC/OS-II 的智能循迹小车设计,张霖， 张桐,2012,1,,HLjO8_XqRZ4J,"张霖， 张桐 - 科技传播, 2012",[],,unknown,unknown
电磁传感器的循迹特性分析,刘雪扬， 张文斌， 尹志宏,2014,0,,A_xDm_NVPY8J,"刘雪扬， 张文斌， 尹志宏 - 传感器与微系统, 2014",[],,unknown,unknown
基于电磁传感器的智能车设计与实现,鲁世斌， 蒋先伟， 张量， 程颖,2014,0,,pGJj2dDsJKcJ,"鲁世斌， 蒋先伟， 张量， 程颖 - 阜阳师范学院学报: 自然科学版, 2014",[],,unknown,unknown
基于ARM K10 的电磁传感器A/D 转换设计与实现,孔维田， 毕春光,2014,0,,4dMfSUD-CjYJ,"孔维田， 毕春光 - 信息技术与信息化, 2014",[],,unknown,unknown
Design of Smart Car System Based on Electromagnetic Sensors,"C Hu, M Ye, X Zhang, Z Tu, H Wu, G Lu, L Peng",2012,0,,TB_gmV5l38MJ,"C Hu, M Ye, X Zhang, Z Tu, H Wu, G Lu, L Peng - Scientific Journal of Control …, 2012",[],,unknown,unknown
